0,1,2,3,4,5,6,7,8,9,10,11,12,13,14,15,16,17,18,19,20,21,22,feature_ratio
1.2097743400471135,0.4530463511318466,-0.6199131627020742,-0.632253067905182,0.15642336214415786,0.7599373372231771,-1.38466863390751,-0.5619514869490161,1.2097743400471135,0.15642336214415786,-0.632253067905182,0.0,0.0,0.0,0.0,0.0,0.0,0.0,0.0,0.0,0.0,0.0,0.4472135899357629,0.8325779415809846
0.4105008564894453,-0.05843831817775572,-0.41184334525515826,-2.0706714561364863,0.15642336214415786,1.6044554108933828,-0.515327839130699,-0.5619514869490161,0.4105008564894453,0.15642336214415786,-2.0706714561364863,0.0,0.0,0.0,0.0,0.0,0.0,0.0,0.0,0.0,0.0,0.0,-0.4472136010641528,0.43597871962566015
-0.6410676991713161,0.28777788649320796,-1.2844356562581292,-0.46052969661985255,0.15642336214415786,-1.3970995216789206,0.06682936796384127,-0.5619514869490161,-0.6410676991713161,0.15642336214415786,-0.46052969661985255,0.0,0.0,0.0,0.0,0.0,0.0,0.0,0.0,0.0,0.0,0.0,0.4472135899357629,-0.4978092153119895
1.5374621297679352,0.32690575472487743,0.12655482453392858,0.5901315044795862,0.15642336214415786,-0.7589793088611044,1.322827385494082,1.7795130420052188,1.5374621297679352,0.15642336214415786,0.5901315044795862,0.0,0.0,0.0,0.0,0.0,0.0,0.0,0.0,0.0,0.0,0.0,0.4472135899357629,1.1586822382021509
-1.1398581944659194,-0.7368196195493866,-1.6193862160791899,-0.4490365061588362,0.15642336214415786,0.30168872078843084,-0.02184484434087361,-0.5619514869490161,-1.1398581944659194,0.15642336214415786,-0.4490365061588362,0.0,0.0,0.0,0.0,0.0,0.0,0.0,0.0,0.0,0.0,0.0,-0.4472136010641528,-4.331091065809205
-0.20116107810071923,-0.5345908071602237,0.6084449196143883,1.3378509824558138,-0.658764216176935,1.4286441696928198,0.7222473563782553,1.7795130420052188,-0.20116107810071923,-0.658764216176935,1.3378509824558138,0.0,0.0,0.0,0.0,0.0,0.0,0.0,0.0,0.0,0.0,0.0,-0.4472136010641528,-0.43222411846508535
1.2097743400471135,0.6026994138955428,2.219119629236046,1.6113704851146662,0.8617598730298286,-0.9538552843613006,1.7047740357457968,1.7795130420052188,1.2097743400471135,0.8617598730298286,1.6113704851146662,0.0,0.0,0.0,0.0,0.0,0.0,0.0,0.0,0.0,0.0,0.0,0.4472135899357629,0.7548354542082346
-0.3493303953367622,0.25561676380534787,0.7881189379030631,1.2264932157040827,0.15642336214415786,0.7423244944592781,-1.2923565158526926,-0.5619514869490161,-0.3493303953367622,0.15642336214415786,1.2264932157040827,0.0,0.0,0.0,0.0,0.0,0.0,0.0,0.0,0.0,0.0,0.0,0.4472135899357629,-0.27821418557527094
-0.05117014821268949,1.8266500409131723,-0.4638783902054474,0.20574790308133617,0.8617598730298286,0.7951604024481191,-0.7878662396131905,-0.5619514869490161,-0.05117014821268949,0.8617598730298286,0.20574790308133617,0.0,0.0,0.0,0.0,0.0,0.0,0.0,0.0,0.0,0.0,0.0,1.341640792064069,-0.01810275324926978
-0.9276977342485193,1.7971248045805381,0.5815317525450103,-2.103500174074313,0.8617598730298286,-1.0779179490622557,-0.3348617892839291,1.7795130420052188,-0.9276977342485193,0.8617598730298286,-2.103500174074313,0.0,0.0,0.0,0.0,0.0,0.0,0.0,0.0,0.0,0.0,0.0,1.341640792064069,-0.33166118749128837
-0.9276977342485193,1.0434825309542128,1.7858191957447194,-0.6550585196380015,0.8617598730298286,0.654246816204788,-0.24504087177401762,-0.5619514869490161,-0.9276977342485193,0.8617598730298286,-0.6550585196380015,0.0,0.0,0.0,0.0,0.0,0.0,0.0,0.0,0.0,0.0,0.0,1.341640792064069,-0.45397879365052696
0.024592088594099677,-0.7766012870985923,1.7298166750608546,-0.136301918822727,-1.5679976399103202,-0.01602059102590771,-0.28991518536700056,1.7795130420052188,0.024592088594099677,-1.5679976399103202,-0.136301918822727,0.0,0.0,0.0,0.0,0.0,0.0,0.0,0.0,0.0,0.0,0.0,-1.3416407809356792,0.1100816037599683
0.966759646317209,-0.5684232297371044,-1.0021870163175783,-0.8367935508640301,-0.658764216176935,-0.4049421941701551,1.4504626664138902,1.7795130420052188,0.966759646317209,-0.658764216176935,-0.8367935508640301,0.0,0.0,0.0,0.0,0.0,0.0,0.0,0.0,0.0,0.0,0.0,-0.4472136010641528,2.240064139059908
1.2913192959472264,-1.0293867228318136,0.5635810385761871,-0.136301918822727,0.8617598730298286,0.2664086692336148,0.7654506318963363,-0.5619514869490161,1.2913192959472264,0.8617598730298286,-0.136301918822727,0.0,0.0,0.0,0.0,0.0,0.0,0.0,0.0,0.0,0.0,0.0,-1.3416407809356792,-43.94226955274041
0.024592088594099677,0.33357898471547226,-0.1442839698010462,1.5615068093528746,-1.5679976399103202,0.6013890918469811,0.41825296232639114,-0.5619514869490161,0.024592088594099677,-1.5679976399103202,1.5615068093528746,0.0,0.0,0.0,0.0,0.0,0.0,0.0,0.0,0.0,0.0,0.0,0.4472135899357629,0.018440668963710882
-1.488902738284557,-1.814459690385906,0.8851109827593195,-1.5088044580786253,0.8617598730298286,0.900809244822885,-0.6513381113674637,1.7795130420052188,-1.488902738284557,0.8617598730298286,-1.5088044580786253,0.0,0.0,0.0,0.0,0.0,0.0,0.0,0.0,0.0,0.0,0.0,-1.3416407809356792,1.8280864674580608
-0.1264100390226235,-0.45625522562883186,0.42738407477317425,1.761298728916491,-0.658764216176935,1.5341382309233937,1.1521066316158737,-0.5619514869490161,-0.1264100390226235,-0.658764216176935,1.761298728916491,0.0,0.0,0.0,0.0,0.0,0.0,0.0,0.0,0.0,0.0,0.0,-0.4472136010641528,-0.23248046690437554
-1.5580987664279213,-0.29498261419164623,-1.8988405063816847,0.8455697273522079,-1.5679976399103202,-0.1573737577712844,1.5777724072728283,-0.5619514869490161,-1.5580987664279213,-1.5679976399103202,0.8455697273522079,0.0,0.0,0.0,0.0,0.0,0.0,0.0,0.0,0.0,0.0,0.0,-0.4472136010641528,-2.2100146716828095
0.024592088594099677,-1.575776527621172,-0.340071691658131,0.24150220646391612,-1.5679976399103202,-0.03368467762119963,1.1521066316158737,-0.5619514869490161,0.024592088594099677,-1.5679976399103202,0.24150220646391612,0.0,0.0,0.0,0.0,0.0,0.0,0.0,0.0,0.0,0.0,0.0,-1.3416407809356792,-0.04271116902889773
1.6199888562143387,0.8958205491618714,0.22998902215531425,-0.6664535893562349,-0.658764216176935,0.3545999293559113,-1.8020228181199256,-0.5619514869490161,1.6199888562143387,-0.658764216176935,-0.6664535893562349,0.0,0.0,0.0,0.0,0.0,0.0,0.0,0.0,0.0,0.0,0.0,1.341640792064069,0.8545053786501703
0.48893006541602585,-1.1731876788904585,-1.4281104390958008,-0.814142945922769,-0.658764216176935,-0.9538552843613006,0.5054058907524162,1.7795130420052188,0.48893006541602585,-0.658764216176935,-0.814142945922769,0.0,0.0,0.0,0.0,0.0,0.0,0.0,0.0,0.0,0.0,0.0,-1.3416407809356792,-2.823122687181892
1.1284936248442852,0.32060612944613753,0.639965211765972,-1.486612526572923,-0.658764216176935,-1.0956442264960224,-1.6161535644747393,1.7795130420052188,1.1284936248442852,-0.658764216176935,-1.486612526572923,0.0,0.0,0.0,0.0,0.0,0.0,0.0,0.0,0.0,0.0,0.0,0.4472135899357629,0.8545270233734078
-1.5580987664279213,1.8266500409131723,-1.5160762948257933,1.66129099470967,1.4994251197759267,0.7423244944592781,-0.8334841916337342,-0.5619514869490161,-1.5580987664279213,1.4994251197759267,1.66129099470967,0.0,0.0,0.0,0.0,0.0,0.0,0.0,0.0,0.0,0.0,0.0,1.341640792064069,-0.5512174283607336
-0.20116107810071923,-1.6661592745068774,-0.7968531084147245,1.486820032668372,0.8617598730298286,0.0016419764099070246,-1.569778795323248,-0.5619514869490161,-0.20116107810071923,0.8617598730298286,1.486820032668372,0.0,0.0,0.0,0.0,0.0,0.0,0.0,0.0,0.0,0.0,0.0,-1.3416407809356792,0.3019714440658777
0.7263748107251506,-0.12644969989473007,1.4742978632705355,-1.2974439035935699,0.15642336214415786,-0.49341398778761514,0.3745796276551482,-0.5619514869490161,0.7263748107251506,0.15642336214415786,-1.2974439035935699,0.0,0.0,0.0,0.0,0.0,0.0,0.0,0.0,0.0,0.0,0.0,-0.4472136010641528,0.8315203035676556
-0.8564656681892503,-0.40200020244973506,-0.8823927005748653,-0.5179089984607245,1.4994251197759267,1.586877011416309,0.6789911248327328,1.7795130420052188,-0.8564656681892503,1.4994251197759267,-0.5179089984607245,0.0,0.0,0.0,0.0,0.0,0.0,0.0,0.0,0.0,0.0,0.0,-0.4472136010641528,-1.4322173213064675
-0.1264100390226235,-0.6079796995466552,0.6323350318529115,0.4091566774784481,0.15642336214415786,-1.1488274779461585,-1.38466863390751,-0.5619514869490161,-0.1264100390226235,0.15642336214415786,0.4091566774784481,0.0,0.0,0.0,0.0,0.0,0.0,0.0,0.0,0.0,0.0,0.0,-0.4472136010641528,-0.32245789025833327
1.6199888562143387,0.8549580735982415,-1.7403288823827008,-0.28748813604565204,-1.5679976399103202,0.8303800314352563,-0.37987841817556317,-0.5619514869490161,1.6199888562143387,-1.5679976399103202,-0.28748813604565204,0.0,0.0,0.0,0.0,0.0,0.0,0.0,0.0,0.0,0.0,0.0,1.341640792064069,0.8733290952888707
0.100865235182785,1.2330962586872545,2.3048198950924053,-1.741067445621873,-0.658764216176935,-1.2374806031467305,-0.15551897133665252,-0.5619514869490161,0.100865235182785,-0.658764216176935,-1.741067445621873,0.0,0.0,0.0,0.0,0.0,0.0,0.0,0.0,0.0,0.0,0.0,1.341640792064069,0.04516833288775448
0.2548245176312663,0.8673684582478189,-0.295458039013328,-0.6208426073808189,2.093943330841497,-0.38725108561557514,-0.4249629475906971,-0.5619514869490161,0.2548245176312663,2.093943330841497,-0.6208426073808189,0.0,0.0,0.0,0.0,0.0,0.0,0.0,0.0,0.0,0.0,0.0,1.341640792064069,0.1364618302862265
1.4551704646150667,-0.7361207101516984,0.12075629363271426,1.8991611281369702,-0.658764216176935,-0.2811283654082004,-1.3384917244446455,1.7795130420052188,1.4551704646150667,-0.658764216176935,1.8991611281369702,0.0,0.0,0.0,0.0,0.0,0.0,0.0,0.0,0.0,0.0,0.0,-0.4472136010641528,5.514530774474998
0.3324591900469492,1.8266500409131723,0.2092824922895309,-0.5522689907607683,2.093943330841497,0.2311237330790961,-0.24504087177401762,-0.5619514869490161,0.3324591900469492,2.093943330841497,-0.5522689907607683,0.0,0.0,0.0,0.0,0.0,0.0,0.0,0.0,0.0,0.0,0.0,1.341640792064069,0.11761597128576466
-0.5686540922351636,-1.814459690385906,0.6686950815063033,-0.15964150957935616,-1.5679976399103202,-1.326151083866682,0.8947563503752378,-0.5619514869490161,-0.5686540922351636,-1.5679976399103202,-0.15964150957935616,0.0,0.0,0.0,0.0,0.0,0.0,0.0,0.0,0.0,0.0,0.0,-1.3416407809356792,0.6981979574283471
-0.6410676991713161,-1.061489541539934,-1.5113376373813918,-1.062339618651359,0.15642336214415786,1.1999940622737977,-1.5234422609969205,-0.5619514869490161,-0.6410676991713161,0.15642336214415786,-1.062339618651359,0.0,0.0,0.0,0.0,0.0,0.0,0.0,0.0,0.0,0.0,0.0,-1.3416407809356792,10.425637972190435
1.6199888562143387,0.21491095919806477,0.014932983811113137,0.5538323429326811,-1.5679976399103202,-0.21040382008921152,-1.5234422609969205,1.7795130420052188,1.6199888562143387,-1.5679976399103202,0.5538323429326811,0.0,0.0,0.0,0.0,0.0,0.0,0.0,0.0,0.0,0.0,0.0,0.4472135899357629,1.3334218807966445
-1.488902738284557,0.12846778375918946,-0.6562129481782567,0.09887710437091239,-0.658764216176935,-1.521284068866381,-0.515327839130699,-0.5619514869490161,-1.488902738284557,-0.658764216176935,0.09887710437091239,0.0,0.0,0.0,0.0,0.0,0.0,0.0,0.0,0.0,0.0,0.0,0.4472135899357629,-1.3194020775007635
1.047485682484883,0.5590047170461504,-1.6779304887993358,-0.6892286084735149,1.4994251197759267,0.9536226125245679,1.5353708839771396,-0.5619514869490161,1.047485682484883,1.4994251197759267,-0.6892286084735149,0.0,0.0,0.0,0.0,0.0,0.0,0.0,0.0,0.0,0.0,0.0,0.4472135899357629,0.6718938506289811
-1.210099981578694,1.7536237359978661,1.0828430044811435,-1.1968871203887668,-1.5679976399103202,0.036962517812033635,0.5923138174293692,-0.5619514869490161,-1.210099981578694,-1.5679976399103202,-1.1968871203887668,0.0,0.0,0.0,0.0,0.0,0.0,0.0,0.0,0.0,0.0,0.0,1.341640792064069,-0.43945727433968906
-0.20116107810071923,-0.09579386809228214,-0.3443364978935589,1.3502439310266807,-1.5679976399103202,0.8832031771026859,0.6356804637872726,1.7795130420052188,-0.20116107810071923,-1.5679976399103202,1.3502439310266807,0.0,0.0,0.0,0.0,0.0,0.0,0.0,0.0,0.0,0.0,0.0,-0.4472136010641528,-0.22247258783382093
-1.0693835465760633,0.154634794861184,0.2767041595090618,-1.4644076257262653,0.15642336214415786,1.3407150731611246,-0.47011338113167744,-0.5619514869490161,-1.0693835465760633,0.15642336214415786,-1.4644076257262653,0.0,0.0,0.0,0.0,0.0,0.0,0.0,0.0,0.0,0.0,0.0,0.4472135899357629,-0.9261660495036701
1.2097743400471135,-0.600102032696086,0.21013969476426284,0.46933443684343207,-0.658764216176935,-0.2988125611735065,0.33083878410074047,-0.5619514869490161,1.2097743400471135,-0.658764216176935,0.46933443684343207,0.0,0.0,0.0,0.0,0.0,0.0,0.0,0.0,0.0,0.0,0.0,-0.4472136010641528,3.025207525317853
-0.42280536949223085,0.6678716302113447,-0.3265726355419786,-1.9501000205221217,-0.658764216176935,0.17818685932589506,-1.7555011459964585,-0.5619514869490161,-0.42280536949223085,-0.658764216176935,-1.9501000205221217,0.0,0.0,0.0,0.0,0.0,0.0,0.0,0.0,0.0,0.0,0.0,0.4472135899357629,-0.2534999467786708
-1.4195116567233195,-0.30748979937471976,2.184597844342919,0.6750219507342335,0.8617598730298286,1.393474464109087,0.5054058907524162,-0.5619514869490161,-1.4195116567233195,0.8617598730298286,0.6750219507342335,0.0,0.0,0.0,0.0,0.0,0.0,0.0,0.0,0.0,0.0,0.0,-0.4472136010641528,-2.049806133457119
0.100865235182785,-0.30810485713650904,-0.028934400188904856,0.9312053464950509,-0.658764216176935,0.5485226913855948,1.4504626664138902,-0.5619514869490161,0.100865235182785,-0.658764216176935,0.9312053464950509,0.0,0.0,0.0,0.0,0.0,0.0,0.0,0.0,0.0,0.0,0.0,-0.4472136010641528,0.1457811002478528
-0.71316410544993,0.6191633251080068,-1.5493173239349778,1.053935591784689,0.15642336214415786,1.2351784042601457,0.41825296232639114,1.7795130420052188,-0.71316410544993,0.15642336214415786,1.053935591784689,0.0,0.0,0.0,0.0,0.0,0.0,0.0,0.0,0.0,0.0,0.0,0.4472135899357629,-0.44045223504698533
-1.0693835465760633,1.1549177985976757,-0.3936909846297254,-0.15964150957935616,0.8617598730298286,-1.4325776492781082,1.322827385494082,-0.5619514869490161,-1.0693835465760633,0.8617598730298286,-0.15964150957935616,0.0,0.0,0.0,0.0,0.0,0.0,0.0,0.0,0.0,0.0,0.0,1.341640792064069,-0.4962525936126057
0.17761846670506026,-1.814459690385906,0.5521982197838865,1.5365965918616014,-0.658764216176935,-1.2729467506681658,0.8086023488429195,-0.5619514869490161,0.17761846670506026,-0.658764216176935,1.5365965918616014,0.0,0.0,0.0,0.0,0.0,0.0,0.0,0.0,0.0,0.0,0.0,-1.3416407809356792,-0.2180813474278897
-1.5580987664279213,0.42115085388147394,0.5876377710810652,2.075186528520084,-0.658764216176935,1.2879497657634513,-1.3384917244446455,-0.5619514869490161,-1.5580987664279213,-0.658764216176935,2.075186528520084,0.0,0.0,0.0,0.0,0.0,0.0,0.0,0.0,0.0,0.0,0.0,0.4472135899357629,-1.0963640926453464
-0.27545781193759183,-0.2561344968446151,-1.0857715949085807,-0.31064302577619046,1.4994251197759267,-0.511111506046771,1.4079546599695028,-0.5619514869490161,-0.27545781193759183,1.4994251197759267,-0.31064302577619046,0.0,0.0,0.0,0.0,0.0,0.0,0.0,0.0,0.0,0.0,0.0,-0.4472136010641528,-0.3703059367172346
0.3324591900469492,1.0594425426170067,1.0195708282689786,-0.42603239248466207,0.15642336214415786,-0.6527275743326256,-1.569778795323248,-0.5619514869490161,0.3324591900469492,0.15642336214415786,-0.42603239248466207,0.0,0.0,0.0,0.0,0.0,0.0,0.0,0.0,0.0,0.0,0.0,1.341640792064069,0.16143164141131197
-1.210099981578694,-0.23475513313912008,-1.7493785388074445,0.13443352098898342,-0.658764216176935,-0.47571750596220763,0.15514993600869884,1.7795130420052188,-1.210099981578694,-0.658764216176935,0.13443352098898342,0.0,0.0,0.0,0.0,0.0,0.0,0.0,0.0,0.0,0.0,0.0,-0.4472136010641528,-1.5813238794304618
1.6199888562143387,1.4466573613040323,1.2558301921185508,-0.4490365061588362,0.15642336214415786,0.425132298568771,-1.2923565158526926,-0.5619514869490161,1.6199888562143387,0.15642336214415786,-0.4490365061588362,0.0,0.0,0.0,0.0,0.0,0.0,0.0,0.0,0.0,0.0,0.0,1.341640792064069,0.6621233041601333
-1.1398581944659194,-0.6866099833950768,-1.3149144265605288,-0.5865798035961677,0.8617598730298286,0.33696402114247354,-1.7555011459964585,-0.5619514869490161,-1.1398581944659194,0.8617598730298286,-0.5865798035961677,0.0,0.0,0.0,0.0,0.0,0.0,0.0,0.0,0.0,0.0,0.0,-0.4472136010641528,-3.6371873195402005
0.8863253179792074,-1.814459690385906,-0.21479045902586502,-0.506444528542465,-0.658764216176935,0.3722346966178325,-0.24504087177401762,-0.5619514869490161,0.8863253179792074,-0.658764216176935,-0.506444528542465,0.0,0.0,0.0,0.0,0.0,0.0,0.0,0.0,0.0,0.0,0.0,-1.3416407809356792,-1.0882371815838425
-0.71316410544993,1.1731637296750546,1.168055759899168,1.66129099470967,0.8617598730298286,-1.4325776492781082,-0.6967918768138043,-0.5619514869490161,-0.71316410544993,0.8617598730298286,1.66129099470967,0.0,0.0,0.0,0.0,0.0,0.0,0.0,0.0,0.0,0.0,0.0,1.341640792064069,-0.3281686030884415
-0.49590626745980726,-0.8627663635418484,0.1463901522733446,0.7358174872630154,-1.5679976399103202,1.3231273014133624,-0.02184484434087361,-0.5619514869490161,-0.49590626745980726,-1.5679976399103202,0.7358174872630154,0.0,0.0,0.0,0.0,0.0,0.0,0.0,0.0,0.0,0.0,0.0,-1.3416407809356792,-3.6135912467132676
0.966759646317209,-1.6341150699031488,0.8961445458995227,-0.4490365061588362,-1.5679976399103202,0.7423244944592781,0.2870280461246994,-0.5619514869490161,0.966759646317209,-1.5679976399103202,-0.4490365061588362,0.0,0.0,0.0,0.0,0.0,0.0,0.0,0.0,0.0,0.0,0.0,-1.3416407809356792,-1.524580777531224
1.2913192959472264,0.04971094396910546,0.6807132428651895,-2.212766108238029,-0.658764216176935,0.3545999293559113,-1.6625659448133256,1.7795130420052188,1.2913192959472264,-0.658764216176935,-2.212766108238029,0.0,0.0,0.0,0.0,0.0,0.0,0.0,0.0,0.0,0.0,0.0,0.4472135899357629,1.2301665552466907
-1.4195116567233195,-0.22309899410367548,1.4131789339200145,-1.4199583929568327,0.15642336214415786,1.164806921192878,-1.3384917244446455,-0.5619514869490161,-1.4195116567233195,0.15642336214415786,-1.4199583929568327,0.0,0.0,0.0,0.0,0.0,0.0,0.0,0.0,0.0,0.0,0.0,-0.4472136010641528,-1.8271461176518926
-1.5580987664279213,0.9234886700509068,1.1654570973050535,0.46933443684343207,-0.658764216176935,1.4286441696928198,0.24314485761978918,-0.5619514869490161,-1.5580987664279213,-0.658764216176935,0.46933443684343207,0.0,0.0,0.0,0.0,0.0,0.0,0.0,0.0,0.0,0.0,0.0,1.341640792064069,-0.8100379225975295
-1.2801175466118795,0.9991317866299345,-0.4481779502106779,-1.9281435272795129,0.8617598730298286,-0.6881411728601811,-0.5606045486277971,1.7795130420052188,-1.2801175466118795,0.8617598730298286,-1.9281435272795129,0.0,0.0,0.0,0.0,0.0,0.0,0.0,0.0,0.0,0.0,0.0,1.341640792064069,-0.6403367477688183
1.4551704646150667,0.1351613513219669,0.6961891486579291,0.2653732124803128,1.4994251197759267,1.1296169351264516,0.8086023488429195,-0.5619514869490161,1.4551704646150667,1.4994251197759267,0.2653732124803128,0.0,0.0,0.0,0.0,0.0,0.0,0.0,0.0,0.0,0.0,0.0,0.4472135899357629,1.2819062795966663
-1.4195116567233195,-0.9061908545500129,-1.5185619470574354,-0.9835906572611509,-1.5679976399103202,1.1999940622737977,0.5488895405647244,-0.5619514869490161,-1.4195116567233195,-1.5679976399103202,-0.9835906572611509,0.0,0.0,0.0,0.0,0.0,0.0,0.0,0.0,0.0,0.0,0.0,-1.3416407809356792,-15.131911178959736
0.4105008564894453,0.3413374591235288,-0.04004599280371681,0.07521148106204505,0.8617598730298286,-1.2374806031467305,1.2375468245738601,-0.5619514869490161,0.4105008564894453,0.8617598730298286,0.07521148106204505,0.0,0.0,0.0,0.0,0.0,0.0,0.0,0.0,0.0,0.0,0.0,0.4472135899357629,0.3060384645916615
-0.42280536949223085,0.21002662313830486,0.8980953281824712,0.05157750405852752,0.15642336214415786,-1.6100059052978644,0.6789911248327328,-0.5619514869490161,-0.42280536949223085,0.15642336214415786,0.05157750405852752,0.0,0.0,0.0,0.0,0.0,0.0,0.0,0.0,0.0,0.0,0.0,0.4472135899357629,-0.3494182370927095
0.17761846670506026,0.6468044958001563,0.16144113468949498,0.11072158783354301,0.8617598730298286,-0.6350221760506639,-0.24504087177401762,-0.5619514869490161,0.17761846670506026,0.8617598730298286,0.11072158783354301,0.0,0.0,0.0,0.0,0.0,0.0,0.0,0.0,0.0,0.0,0.0,0.4472135899357629,0.1078564378212717
1.6199888562143387,-0.8956619495016472,0.49504097871168545,-0.379951751320056,-0.658764216176935,1.0768265175182168,0.6356804637872726,-0.5619514869490161,1.6199888562143387,-0.658764216176935,-0.379951751320056,0.0,0.0,0.0,0.0,0.0,0.0,0.0,0.0,0.0,0.0,0.0,-1.3416407809356792,15.526347755940813
0.8061932449532021,-0.3944793520189203,-0.2013906751409368,-0.4030042851582331,0.8617598730298286,0.3545999293559113,-0.7878662396131905,-0.5619514869490161,0.8061932449532021,0.8617598730298286,-0.4030042851582331,0.0,0.0,0.0,0.0,0.0,0.0,0.0,0.0,0.0,0.0,0.0,-0.4472136010641528,1.3314050439753007
-0.9986667388135865,0.5821474477402749,1.2391928427767738,-0.6778436063564408,0.15642336214415786,-0.8475467440773052,-0.6513381113674637,1.7795130420052188,-0.9986667388135865,0.15642336214415786,-0.6778436063564408,0.0,0.0,0.0,0.0,0.0,0.0,0.0,0.0,0.0,0.0,0.0,0.4472135899357629,-0.6312096513128069
0.966759646317209,1.3876813235264358,-0.06352658705030562,0.45728679084751184,-1.5679976399103202,-0.19272583066186083,1.0236318181047612,-0.5619514869490161,0.966759646317209,-1.5679976399103202,0.45728679084751184,0.0,0.0,0.0,0.0,0.0,0.0,0.0,0.0,0.0,0.0,0.0,1.341640792064069,0.40489475575801454
-0.71316410544993,1.0794509614409982,-0.4601106077508881,0.7601718069171943,0.8617598730298286,0.7423244944592781,-0.15551897133665252,-0.5619514869490161,-0.71316410544993,0.8617598730298286,0.7601718069171943,0.0,0.0,0.0,0.0,0.0,0.0,0.0,0.0,0.0,0.0,0.0,1.341640792064069,-0.34295788584296705
0.5677292240173427,0.12057968634397757,0.9724914604486768,-1.1296827120330812,-1.5679976399103202,-0.8298315459394875,1.0664999262532004,-0.5619514869490161,0.5677292240173427,-1.5679976399103202,-1.1296827120330812,0.0,0.0,0.0,0.0,0.0,0.0,0.0,0.0,0.0,0.0,0.0,0.4472135899357629,0.5066388682001061
-0.6410676991713161,-0.4867468520405599,-1.3994046086940841,-0.05436637944874392,0.15642336214415786,1.5341382309233937,1.1521066316158737,-0.5619514869490161,-0.6410676991713161,0.15642336214415786,-0.05436637944874392,0.0,0.0,0.0,0.0,0.0,0.0,0.0,0.0,0.0,0.0,0.0,-0.4472136010641528,-1.2490282850091288
-1.1398581944659194,0.46773440185564025,0.5535947912590498,0.18194723128857143,2.093943330841497,-0.38725108561557514,1.280206650649639,-0.5619514869490161,-1.1398581944659194,2.093943330841497,0.18194723128857143,0.0,0.0,0.0,0.0,0.0,0.0,0.0,0.0,0.0,0.0,0.0,0.4472135899357629,-0.7766106681323334
-0.71316410544993,-1.1231324893979033,-1.040742485081362,0.17005774841242505,0.15642336214415786,-1.042467641206312,1.4504626664138902,1.7795130420052188,-0.71316410544993,0.15642336214415786,0.17005774841242505,0.0,0.0,0.0,0.0,0.0,0.0,0.0,0.0,0.0,0.0,0.0,-1.3416407809356792,5.791843476382064
-0.05117014821268949,-0.8348225967015611,1.4039251976880658,0.1463008242074478,-0.658764216176935,-0.564210160357974,-0.24504087177401762,1.7795130420052188,-0.05117014821268949,-0.658764216176935,0.1463008242074478,0.0,0.0,0.0,0.0,0.0,0.0,0.0,0.0,0.0,0.0,0.0,-1.3416407809356792,-0.3097890340377636
1.2913192959472264,1.6761375437717092,-0.25066583198407744,-0.379951751320056,0.8617598730298286,-1.6277520762424507,-0.6059418344683171,-0.5619514869490161,1.2913192959472264,0.8617598730298286,-0.379951751320056,0.0,0.0,0.0,0.0,0.0,0.0,0.0,0.0,0.0,0.0,0.0,1.341640792064069,0.48253098909380415
-0.20116107810071923,0.4658005792472941,0.16264336957303188,0.2534342694973433,0.15642336214415786,-1.7342413934386152,0.33083878410074047,1.7795130420052188,-0.20116107810071923,0.15642336214415786,0.2534342694973433,0.0,0.0,0.0,0.0,0.0,0.0,0.0,0.0,0.0,0.0,0.0,0.4472135899357629,-0.1372363205123154
-0.5686540922351636,-0.3383636419611949,0.45844253576149857,0.5780261861025799,-0.658764216176935,0.0899321904393549,-0.4249629475906971,-0.5619514869490161,-0.5686540922351636,-0.658764216176935,0.5780261861025799,0.0,0.0,0.0,0.0,0.0,0.0,0.0,0.0,0.0,0.0,0.0,-0.4472136010641528,-0.8594662087808238
-0.42280536949223085,0.9300708839631799,-1.8988405063816847,0.12257375136149704,-1.5679976399103202,0.4427626460708689,0.3745796276551482,-0.5619514869490161,-0.42280536949223085,-1.5679976399103202,0.12257375136149704,0.0,0.0,0.0,0.0,0.0,0.0,0.0,0.0,0.0,0.0,0.0,1.341640792064069,-0.21906209404291327
0.024592088594099677,1.4312002374826973,-0.6479461721410862,0.46933443684343207,0.8617598730298286,0.17818685932589506,0.7222473563782553,-0.5619514869490161,0.024592088594099677,0.8617598730298286,0.46933443684343207,0.0,0.0,0.0,0.0,0.0,0.0,0.0,0.0,0.0,0.0,0.0,1.341640792064069,0.010115204916055253
0.17761846670506026,-0.44143318402393783,1.1449027884445377,0.9434578460677446,-1.5679976399103202,-0.24576361095491134,0.6789911248327328,1.7795130420052188,0.17761846670506026,-1.5679976399103202,0.9434578460677446,0.0,0.0,0.0,0.0,0.0,0.0,0.0,0.0,0.0,0.0,0.0,-0.4472136010641528,0.3179896507003958
0.100865235182785,-0.4231621219242818,0.951966328161036,-1.6858878394515913,-0.658764216176935,1.2175865803432064,-0.4249629475906971,-0.5619514869490161,0.100865235182785,-0.658764216176935,-1.6858878394515913,0.0,0.0,0.0,0.0,0.0,0.0,0.0,0.0,0.0,0.0,0.0,-0.4472136010641528,0.1748588971294028
1.373120503264919,-0.5558231828317829,0.319853682293347,0.8944758891000085,1.4994251197759267,0.3545999293559113,-1.2002143195320383,-0.5619514869490161,1.373120503264919,1.4994251197759267,0.8944758891000085,0.0,0.0,0.0,0.0,0.0,0.0,0.0,0.0,0.0,0.0,0.0,-0.4472136010641528,3.0913826435585796
0.4105008564894453,1.0771862135247814,-1.344591190613864,0.3131966195176667,-1.5679976399103202,0.47802014197346354,-0.24504087177401762,1.7795130420052188,0.4105008564894453,-1.5679976399103202,0.3131966195176667,0.0,0.0,0.0,0.0,0.0,0.0,0.0,0.0,0.0,0.0,0.0,1.341640792064069,0.1976235225405553
-0.6410676991713161,1.0877984934460612,0.6448132955554436,-1.0286145056817009,-1.5679976399103202,1.4638113418794272,-1.2923565158526926,-0.5619514869490161,-0.6410676991713161,-1.5679976399103202,-1.0286145056817009,0.0,0.0,0.0,0.0,0.0,0.0,0.0,0.0,0.0,0.0,0.0,1.341640792064069,-0.30705439302870075
-1.6271059280657643,1.539880033123998,0.7835589651242427,0.7601718069171943,-0.658764216176935,-1.4857996206772102,1.3654098061351312,-0.5619514869490161,-1.6271059280657643,-0.658764216176935,0.7601718069171943,0.0,0.0,0.0,0.0,0.0,0.0,0.0,0.0,0.0,0.0,0.0,1.341640792064069,-0.6406231423712004
0.100865235182785,1.1261240611558123,0.0698862628522332,-0.379951751320056,0.15642336214415786,-0.6704339098878697,-0.515327839130699,-0.5619514869490161,0.100865235182785,0.15642336214415786,-0.379951751320056,0.0,0.0,0.0,0.0,0.0,0.0,0.0,0.0,0.0,0.0,0.0,1.341640792064069,0.047440898217365655
-1.210099981578694,-1.6882555047676637,1.343241117354099,-0.2527053094022244,-0.658764216176935,0.2311237330790961,-1.246263780223236,-0.5619514869490161,-1.210099981578694,-0.658764216176935,-0.2527053094022244,0.0,0.0,0.0,0.0,0.0,0.0,0.0,0.0,0.0,0.0,0.0,-1.3416407809356792,1.7582132989799923
-1.0693835465760633,0.3348823806230276,-0.6811075027638546,-0.48349859958695823,0.8617598730298286,1.3407150731611246,-1.7090153332007552,-0.5619514869490161,-1.0693835465760633,0.8617598730298286,-0.48349859958695823,0.0,0.0,0.0,0.0,0.0,0.0,0.0,0.0,0.0,0.0,0.0,0.4472135899357629,-0.8011069455250068
0.024592088594099677,-1.0885153314515943,-0.5053157675063757,0.277318976424654,1.4994251197759267,1.0240294247452408,0.5488895405647244,-0.5619514869490161,0.024592088594099677,1.4994251197759267,0.277318976424654,0.0,0.0,0.0,0.0,0.0,0.0,0.0,0.0,0.0,0.0,0.0,-1.3416407809356792,-0.2778285771606489
-1.6271059280657643,-0.5137730370848372,-1.8988405063816847,-0.7347192059362087,0.15642336214415786,-1.5567709833290706,0.5054058907524162,-0.5619514869490161,-1.6271059280657643,0.15642336214415786,-0.7347192059362087,0.0,0.0,0.0,0.0,0.0,0.0,0.0,0.0,0.0,0.0,0.0,-0.4472136010641528,-3.346391813219258
1.6199888562143387,0.2158425657083205,1.0089849418583579,0.8577890647810564,0.8617598730298286,-1.1488274779461585,-0.5606045486277971,1.7795130420052188,1.6199888562143387,0.8617598730298286,0.8577890647810564,0.0,0.0,0.0,0.0,0.0,0.0,0.0,0.0,0.0,0.0,0.0,0.4472135899357629,1.3324001823135485
-1.1398581944659194,0.9370825044210436,0.3527538482167898,-0.136301918822727,-1.5679976399103202,-1.5745153547705024,-1.5234422609969205,-0.5619514869490161,-1.1398581944659194,-1.5679976399103202,-0.136301918822727,0.0,0.0,0.0,0.0,0.0,0.0,0.0,0.0,0.0,0.0,0.0,1.341640792064069,-0.5884407049593383
0.024592088594099677,-0.9125303799130602,-1.6703820382135823,-0.34532616581869824,0.15642336214415786,-0.6350221760506639,-0.28991518536700056,-0.5619514869490161,0.024592088594099677,0.15642336214415786,-0.34532616581869824,0.0,0.0,0.0,0.0,0.0,0.0,0.0,0.0,0.0,0.0,0.0,-1.3416407809356792,0.28115005609555116
-0.9276977342485193,-1.814459690385906,-1.7452227236262312,0.7114836673760021,0.15642336214415786,-0.8829796500280834,-0.6513381113674637,-0.5619514869490161,-0.9276977342485193,0.15642336214415786,0.7114836673760021,0.0,0.0,0.0,0.0,0.0,0.0,0.0,0.0,0.0,0.0,0.0,-1.3416407809356792,1.1390345589834643
-0.49590626745980726,0.22654700580947515,-0.871235503763134,-0.31064302577619046,-0.658764216176935,0.8655962908491683,0.6356804637872726,-0.5619514869490161,-0.49590626745980726,-0.658764216176935,-0.31064302577619046,0.0,0.0,0.0,0.0,0.0,0.0,0.0,0.0,0.0,0.0,0.0,0.4472135899357629,-0.40431085405693656
-1.1398581944659194,1.8266500409131723,0.8709935442238066,0.9067143411408555,0.15642336214415786,-0.5465096039652084,0.3745796276551482,-0.5619514869490161,-1.1398581944659194,0.15642336214415786,0.9067143411408555,0.0,0.0,0.0,0.0,0.0,0.0,0.0,0.0,0.0,0.0,0.0,1.341640792064069,-0.4032540915810289
0.8863253179792074,-0.18437935451119145,-0.29114777966349176,0.9312053464950509,0.15642336214415786,-0.9184158502429133,-0.47011338113167744,-0.5619514869490161,0.8863253179792074,0.15642336214415786,0.9312053464950509,0.0,0.0,0.0,0.0,0.0,0.0,0.0,0.0,0.0,0.0,0.0,-0.4472136010641528,1.0866881838774753
0.8863253179792074,0.08283294107566648,-0.8032258037874647,-1.2304387994470147,0.15642336214415786,-1.4148382637323578,-1.016466415746908,-0.5619514869490161,0.8863253179792074,0.15642336214415786,-1.2304387994470147,0.0,0.0,0.0,0.0,0.0,0.0,0.0,0.0,0.0,0.0,0.0,0.4472135899357629,0.8185245242897284
0.7263748107251506,1.8266500409131723,-1.0045360968349981,1.0662332454099515,-0.658764216176935,0.01930300682314302,1.7047740357457968,-0.5619514869490161,0.7263748107251506,-0.658764216176935,1.0662332454099515,0.0,0.0,0.0,0.0,0.0,0.0,0.0,0.0,0.0,0.0,0.0,1.341640792064069,0.25697373223127734
-1.3499189348987313,0.669986262636995,-1.0491252771842376,-1.3420428978734213,0.8617598730298286,1.6747631462431642,-0.15551897133665252,-0.5619514869490161,-1.3499189348987313,0.8617598730298286,-1.3420428978734213,0.0,0.0,0.0,0.0,0.0,0.0,0.0,0.0,0.0,0.0,0.0,0.4472135899357629,-0.8083413409444095
1.4551704646150667,0.26570623100889,-1.8988405063816847,1.127786772106504,1.4994251197759267,1.2703599915892982,0.6789911248327328,-0.5619514869490161,1.4551704646150667,1.4994251197759267,1.127786772106504,0.0,0.0,0.0,0.0,0.0,0.0,0.0,0.0,0.0,0.0,0.0,0.4472135899357629,1.1496905276788876
1.2097743400471135,0.5092157882114574,-1.2043493660861986,1.974524887124775,0.15642336214415786,1.0768265175182168,-1.2923565158526926,-0.5619514869490161,1.2097743400471135,0.15642336214415786,1.974524887124775,0.0,0.0,0.0,0.0,0.0,0.0,0.0,0.0,0.0,0.0,0.0,0.4472135899357629,0.8015913625451757
1.373120503264919,0.30171824099338496,-1.068678489747407,0.833355239493666,0.8617598730298286,1.5692980176728308,-0.02184484434087361,-0.5619514869490161,1.373120503264919,0.8617598730298286,0.833355239493666,0.0,0.0,0.0,0.0,0.0,0.0,0.0,0.0,0.0,0.0,0.0,0.4472135899357629,1.0548523175161504
0.3324591900469492,-1.173829724362458,0.7501046838150275,-1.9610742417431175,0.8617598730298286,0.654246816204788,-1.7090153332007552,-0.5619514869490161,0.3324591900469492,0.8617598730298286,-1.9610742417431175,0.0,0.0,0.0,0.0,0.0,0.0,0.0,0.0,0.0,0.0,0.0,-1.3416407809356792,-1.912556619797243
-1.210099981578694,-1.384895184702814,-0.15218477255777824,1.0170691560017169,0.8617598730298286,-0.564210160357974,0.022538121243237744,-0.5619514869490161,-1.210099981578694,0.8617598730298286,1.0170691560017169,0.0,0.0,0.0,0.0,0.0,0.0,0.0,0.0,0.0,0.0,0.0,-1.3416407809356792,3.1439727740762433
-1.0693835465760633,1.8266500409131723,-0.8240938796596345,2.075186528520084,2.093943330841497,-1.1488274779461585,1.6201397100851795,-0.5619514869490161,-1.0693835465760633,2.093943330841497,2.075186528520084,0.0,0.0,0.0,0.0,0.0,0.0,0.0,0.0,0.0,0.0,0.0,1.341640792064069,-0.3783218761069517
-1.1398581944659194,0.23015913280885897,2.564127598046679,-0.28748813604565204,-0.658764216176935,-0.6173177251104911,-0.37987841817556317,1.7795130420052188,-1.1398581944659194,-0.658764216176935,-0.28748813604565204,0.0,0.0,0.0,0.0,0.0,0.0,0.0,0.0,0.0,0.0,0.0,0.4472135899357629,-0.9265940999545703
-0.8564656681892503,0.13997267087937562,-0.6613913912633897,-0.042628705076366416,0.8617598730298286,-1.6277520762424507,-1.6625659448133256,-0.5619514869490161,-0.8564656681892503,0.8617598730298286,-0.042628705076366416,0.0,0.0,0.0,0.0,0.0,0.0,0.0,0.0,0.0,0.0,0.0,0.4472135899357629,-0.7513036847879626
0.8061932449532021,-0.06412687619064401,1.2812092950573557,-1.096028807462444,-0.658764216176935,-0.9715761958703061,-1.7090153332007552,-0.5619514869490161,0.8061932449532021,-0.658764216176935,-1.096028807462444,0.0,0.0,0.0,0.0,0.0,0.0,0.0,0.0,0.0,0.0,0.0,-0.4472136010641528,0.8614343380988355
0.7263748107251506,0.877653195764178,1.7864633426407672,0.28927150337796037,-1.5679976399103202,-0.2280830862693791,-0.37987841817556317,1.7795130420052188,0.7263748107251506,-1.5679976399103202,0.28927150337796037,0.0,0.0,0.0,0.0,0.0,0.0,0.0,0.0,0.0,0.0,0.0,1.341640792064069,0.38685248818247636
-0.05117014821268949,1.8266500409131723,-1.5610715040039294,1.2264932157040827,-0.658764216176935,1.3231273014133624,-1.2002143195320383,-0.5619514869490161,-0.05117014821268949,-0.658764216176935,1.2264932157040827,0.0,0.0,0.0,0.0,0.0,0.0,0.0,0.0,0.0,0.0,0.0,1.341640792064069,-0.01810275324926978
0.024592088594099677,0.5979630291891178,0.09824425825069188,0.6628785839254742,-0.658764216176935,1.1999940622737977,-1.7090153332007552,-0.5619514869490161,0.024592088594099677,-0.658764216176935,0.6628785839254742,0.0,0.0,0.0,0.0,0.0,0.0,0.0,0.0,0.0,0.0,0.0,0.4472135899357629,0.015389648036211994
1.047485682484883,-0.5933052935917048,-0.5131198412251228,2.075186528520084,0.8617598730298286,-0.42263440390799495,0.8947563503752378,-0.5619514869490161,1.047485682484883,0.8617598730298286,2.075186528520084,0.0,0.0,0.0,0.0,0.0,0.0,0.0,0.0,0.0,0.0,0.0,-0.4472136010641528,2.5756068765578553
0.8863253179792074,-0.11026995163381205,-0.5956939417301732,0.02797582237495451,-0.658764216176935,1.4462280701564223,-0.11087676228938553,-0.5619514869490161,0.8863253179792074,-0.658764216176935,0.02797582237495451,0.0,0.0,0.0,0.0,0.0,0.0,0.0,0.0,0.0,0.0,0.0,-0.4472136010641528,0.9961732995381772
1.6199888562143387,1.1944040959613595,0.6122405276183392,-1.486612526572923,0.15642336214415786,-0.42263440390799495,-0.7423017047034743,1.7795130420052188,1.6199888562143387,0.15642336214415786,-1.486612526572923,0.0,0.0,0.0,0.0,0.0,0.0,0.0,0.0,0.0,0.0,0.0,1.341640792064069,0.7382363436141092
1.2913192959472264,-0.587716224396435,-0.6199293473084945,0.15817558992248223,0.8617598730298286,1.3055388673129982,1.4079546599695028,-0.5619514869490161,1.2913192959472264,0.8617598730298286,0.15817558992248223,0.0,0.0,0.0,0.0,0.0,0.0,0.0,0.0,0.0,0.0,0.0,-0.4472136010641528,3.1321128124840536
-0.1264100390226235,0.9552850741034415,-0.49118832943759866,-2.180012339164056,0.15642336214415786,-0.9361351667502361,-1.38466863390751,1.7795130420052188,-0.1264100390226235,0.15642336214415786,-2.180012339164056,0.0,0.0,0.0,0.0,0.0,0.0,0.0,0.0,0.0,0.0,0.0,1.341640792064069,-0.06465043931283851
0.2548245176312663,-1.814459690385906,-0.15466344018336364,-0.506444528542465,0.8617598730298286,-1.5035415343292724,1.5777724072728283,-0.5619514869490161,0.2548245176312663,0.8617598730298286,-0.506444528542465,0.0,0.0,0.0,0.0,0.0,0.0,0.0,0.0,0.0,0.0,0.0,-1.3416407809356792,-0.31287554269324946
0.8863253179792074,-0.21319226542878794,-0.36608303268417997,1.5739673466341975,0.8617598730298286,0.0899321904393549,-0.6513381113674637,-0.5619514869490161,0.8863253179792074,0.8617598730298286,1.5739673466341975,0.0,0.0,0.0,0.0,0.0,0.0,0.0,0.0,0.0,0.0,0.0,-0.4472136010641528,1.1264827212994157
-1.6271059280657643,0.7111453902477534,-1.1708647442257327,0.3012307363962641,0.15642336214415786,0.8303800314352563,1.3654098061351312,-0.5619514869490161,-1.6271059280657643,0.15642336214415786,0.3012307363962641,0.0,0.0,0.0,0.0,0.0,0.0,0.0,0.0,0.0,0.0,0.0,0.4472135899357629,-0.9508870124882719
0.8863253179792074,1.412703112332426,0.8734471150112896,0.15817558992248223,-1.5679976399103202,-1.308415631512454,0.3745796276551482,-0.5619514869490161,0.8863253179792074,-1.5679976399103202,0.15817558992248223,0.0,0.0,0.0,0.0,0.0,0.0,0.0,0.0,0.0,0.0,0.0,1.341640792064069,0.3673578043849633
1.047485682484883,-0.8363733565089193,1.1503914408298401,1.7738150472090204,0.8617598730298286,-0.8475467440773052,1.1521066316158737,-0.5619514869490161,1.047485682484883,0.8617598730298286,1.7738150472090204,0.0,0.0,0.0,0.0,0.0,0.0,0.0,0.0,0.0,0.0,0.0,-1.3416407809356792,6.4016816585373615
-0.71316410544993,-1.5533265728722894,0.38455906480822843,-0.2643064066403577,-0.658764216176935,-0.12202702478996631,1.7047740357457968,1.7795130420052188,-0.71316410544993,-0.658764216176935,-0.2643064066403577,0.0,0.0,0.0,0.0,0.0,0.0,0.0,0.0,0.0,0.0,0.0,-1.3416407809356792,1.2888665399674055
-1.488902738284557,-0.24605531991424545,-0.3693116320131868,1.2141403511473987,-0.658764216176935,0.8832031771026859,-0.7423017047034743,-0.5619514869490161,-1.488902738284557,-0.658764216176935,1.2141403511473987,0.0,0.0,0.0,0.0,0.0,0.0,0.0,0.0,0.0,0.0,0.0,-0.4472136010641528,-1.974816956219132
-1.6271059280657643,-1.1588062482812909,-0.7030690856451103,0.11072158783354301,2.093943330841497,-1.3970995216789206,1.6201397100851795,-0.5619514869490161,-1.6271059280657643,2.093943330841497,0.11072158783354301,0.0,0.0,0.0,0.0,0.0,0.0,0.0,0.0,0.0,0.0,0.0,-1.3416407809356792,10.2458558506067
-1.3499189348987313,-0.1269678041304061,-0.7014657742835168,0.3491336240841254,0.15642336214415786,-0.8652627814087536,-0.37987841817556317,-0.5619514869490161,-1.3499189348987313,0.15642336214415786,0.3491336240841254,0.0,0.0,0.0,0.0,0.0,0.0,0.0,0.0,0.0,0.0,0.0,-0.4472136010641528,-1.5462418697561648
0.17761846670506026,0.025359774787431132,2.618386080517662,-1.1184686257207093,2.093943330841497,-1.0956442264960224,-0.37987841817556317,-0.5619514869490161,0.17761846670506026,2.093943330841497,-1.1184686257207093,0.0,0.0,0.0,0.0,0.0,0.0,0.0,0.0,0.0,0.0,0.0,0.4472135899357629,0.17322550686356172
-0.71316410544993,-1.3615857266468707,1.0287352289441236,-0.46052969661985255,-1.5679976399103202,-1.4148382637323578,-0.5606045486277971,-0.5619514869490161,-0.71316410544993,-1.5679976399103202,-0.46052969661985255,0.0,0.0,0.0,0.0,0.0,0.0,0.0,0.0,0.0,0.0,0.0,-1.3416407809356792,1.9723237199194406
1.2097743400471135,0.9031298176726973,-0.8386579486862303,-1.2862853508949608,0.15642336214415786,1.0064288803581265,0.15514993600869884,-0.5619514869490161,1.2097743400471135,0.15642336214415786,-1.2862853508949608,0.0,0.0,0.0,0.0,0.0,0.0,0.0,0.0,0.0,0.0,0.0,1.341640792064069,0.6356762049614274
0.2548245176312663,-0.13569768716915476,0.19408803961943052,-0.1012346307165853,0.15642336214415786,1.393474464109087,-1.246263780223236,-0.5619514869490161,0.2548245176312663,0.15642336214415786,-0.1012346307165853,0.0,0.0,0.0,0.0,0.0,0.0,0.0,0.0,0.0,0.0,0.0,-0.4472136010641528,0.2948326226232587
-1.0693835465760633,1.2047654732501074,-0.35495558949551054,0.36112556676764557,0.8617598730298286,0.566145806906594,0.19918647309640178,-0.5619514869490161,-1.0693835465760633,0.8617598730298286,0.36112556676764557,0.0,0.0,0.0,0.0,0.0,0.0,0.0,0.0,0.0,0.0,0.0,1.341640792064069,-0.48503278899757735
-0.6410676991713161,-1.814459690385906,0.6429707900201831,-1.0286145056817009,0.8617598730298286,-0.7944036996331947,0.15514993600869884,-0.5619514869490161,-0.6410676991713161,0.8617598730298286,-1.0286145056817009,0.0,0.0,0.0,0.0,0.0,0.0,0.0,0.0,0.0,0.0,0.0,-1.3416407809356792,0.7871079523500621
-0.6410676991713161,-1.0452869627107804,0.5994102438684137,1.9996715623979515,-1.5679976399103202,-0.13969971359290365,0.937761098339021,1.7795130420052188,-0.6410676991713161,-1.5679976399103202,1.9996715623979515,0.0,0.0,0.0,0.0,0.0,0.0,0.0,0.0,0.0,0.0,0.0,-1.3416407809356792,14.155678826717004
0.17761846670506026,0.5900589554078696,1.1890401662772088,0.2534342694973433,-0.658764216176935,-1.2729467506681658,1.194847098824391,1.7795130420052188,0.17761846670506026,-0.658764216176935,0.2534342694973433,0.0,0.0,0.0,0.0,0.0,0.0,0.0,0.0,0.0,0.0,0.0,0.4472135899357629,0.1117055855702526
1.4551704646150667,-0.815981037700965,-0.8491271559104243,0.05157750405852752,0.8617598730298286,-1.6987426387675266,-0.20024126938248626,-0.5619514869490161,1.4551704646150667,0.8617598730298286,0.05157750405852752,0.0,0.0,0.0,0.0,0.0,0.0,0.0,0.0,0.0,0.0,0.0,-1.3416407809356792,7.907720195978398
-0.7849587431540277,-0.14351263776987655,0.13068918203170166,0.7358174872630154,-0.658764216176935,0.8832031771026859,-0.6967918768138043,-0.5619514869490161,-0.7849587431540277,-0.658764216176935,0.7358174872630154,0.0,0.0,0.0,0.0,0.0,0.0,0.0,0.0,0.0,0.0,0.0,-0.4472136010641528,-0.91648607763476
0.6468823402340259,0.03324302268218963,-1.7354329462885267,-0.7687862728744722,-1.5679976399103202,-0.42263440390799495,-0.8334841916337342,1.7795130420052188,0.6468823402340259,-1.5679976399103202,-0.7687862728744722,0.0,0.0,0.0,0.0,0.0,0.0,0.0,0.0,0.0,0.0,0.0,0.4472135899357629,0.626069884851279
1.2097743400471135,0.20255464226588743,-1.2537234154326458,0.1463008242074478,-0.658764216176935,1.2879497657634513,-1.0623340936183747,-0.5619514869490161,1.2097743400471135,-0.658764216176935,0.1463008242074478,0.0,0.0,0.0,0.0,0.0,0.0,0.0,0.0,0.0,0.0,0.0,0.4472135899357629,1.0060036338703267
0.6468823402340259,-0.6878271924447448,0.9698456409571561,-0.6664535893562349,0.8617598730298286,-0.5819117066329178,-1.569778795323248,1.7795130420052188,0.6468823402340259,0.8617598730298286,-0.6664535893562349,0.0,0.0,0.0,0.0,0.0,0.0,0.0,0.0,0.0,0.0,0.0,-0.4472136010641528,2.0721931077213585
-1.4195116567233195,0.19289732320143937,-0.9492605797298636,1.511700956527823,0.15642336214415786,-0.24576361095491134,-0.5606045486277971,-0.5619514869490161,-1.4195116567233195,0.15642336214415786,1.511700956527823,0.0,0.0,0.0,0.0,0.0,0.0,0.0,0.0,0.0,0.0,0.0,0.4472135899357629,-1.1899696890204294
0.48893006541602585,-0.7985289055726477,-0.8394585922930037,-0.9835906572611509,-0.658764216176935,1.6571870839132274,-0.7878662396131905,-0.5619514869490161,0.48893006541602585,-0.658764216176935,-0.9835906572611509,0.0,0.0,0.0,0.0,0.0,0.0,0.0,0.0,0.0,0.0,0.0,-1.3416407809356792,2.426800066807237
1.047485682484883,0.7613362167335697,0.011851139805968513,0.05157750405852752,0.15642336214415786,1.0944240566575691,1.6201397100851795,1.7795130420052188,1.047485682484883,0.15642336214415786,0.05157750405852752,0.0,0.0,0.0,0.0,0.0,0.0,0.0,0.0,0.0,0.0,0.0,1.341640792064069,0.5947108067915985
-0.05117014821268949,-0.09044337939652637,0.7632935986935891,0.3012307363962641,0.15642336214415786,-0.1573737577712844,0.24314485761978918,1.7795130420052188,-0.05117014821268949,0.15642336214415786,0.3012307363962641,0.0,0.0,0.0,0.0,0.0,0.0,0.0,0.0,0.0,0.0,0.0,-0.4472136010641528,-0.05625834286021585
1.2097743400471135,0.19908809793667587,-1.0589849198300791,0.3731238936148881,0.15642336214415786,1.4638113418794272,-0.515327839130699,-0.5619514869490161,1.2097743400471135,0.15642336214415786,0.3731238936148881,0.0,0.0,0.0,0.0,0.0,0.0,0.0,0.0,0.0,0.0,0.0,0.4472135899357629,1.0089119741316972
-0.6410676991713161,1.8266500409131723,-1.8988405063816847,-0.5408211837720318,-1.5679976399103202,0.0899321904393549,0.2870280461246994,-0.5619514869490161,-0.6410676991713161,-1.5679976399103202,-0.5408211837720318,0.0,0.0,0.0,0.0,0.0,0.0,0.0,0.0,0.0,0.0,0.0,1.341640792064069,-0.22679415205011158
1.5374621297679352,-1.1396083415447025,-0.8688252755707857,-0.8367935508640301,2.093943330841497,-1.7519916260158284,-1.2923565158526926,-0.5619514869490161,1.5374621297679352,2.093943330841497,-0.8367935508640301,0.0,0.0,0.0,0.0,0.0,0.0,0.0,0.0,0.0,0.0,0.0,-1.3416407809356792,-11.012680995681343
0.4105008564894453,1.5428248516540746,1.3238206043630047,-0.5293678681491256,0.15642336214415786,-0.49341398778761514,-0.15551897133665252,-0.5619514869490161,0.4105008564894453,0.15642336214415786,-0.5293678681491256,0.0,0.0,0.0,0.0,0.0,0.0,0.0,0.0,0.0,0.0,0.0,1.341640792064069,0.16143497111978428
0.966759646317209,-1.814459690385906,0.38404188767139996,0.4934475558181215,-0.658764216176935,-0.2280830862693791,0.4618610194934715,-0.5619514869490161,0.966759646317209,-0.658764216176935,0.4934475558181215,0.0,0.0,0.0,0.0,0.0,0.0,0.0,0.0,0.0,0.0,0.0,-1.3416407809356792,-1.1869950811919745
-0.7849587431540277,-1.814459690385906,1.4549253015580428,-0.14797551689445085,0.8617598730298286,1.164806921192878,-0.02184484434087361,-0.5619514869490161,-0.7849587431540277,0.8617598730298286,-0.14797551689445085,0.0,0.0,0.0,0.0,0.0,0.0,0.0,0.0,0.0,0.0,0.0,-1.3416407809356792,0.9637785054556841
0.6468823402340259,-1.2794745644031966,-1.1294801916090207,0.7601718069171943,-1.5679976399103202,-1.6632461895488078,-0.3348617892839291,1.7795130420052188,0.6468823402340259,-1.5679976399103202,0.7601718069171943,0.0,0.0,0.0,0.0,0.0,0.0,0.0,0.0,0.0,0.0,0.0,-1.3416407809356792,-2.3146376186878026
-1.210099981578694,-1.2134024067123022,-1.6289637512419057,0.44524514633016404,0.15642336214415786,0.9360189550992974,1.7470421996985055,-0.5619514869490161,-1.210099981578694,0.15642336214415786,0.44524514633016404,0.0,0.0,0.0,0.0,0.0,0.0,0.0,0.0,0.0,0.0,0.0,-1.3416407809356792,5.670507658379349
-0.1264100390226235,0.25151834658414024,0.5121511765381062,-2.0597234383573713,0.8617598730298286,0.7951604024481191,1.322827385494082,-0.5619514869490161,-0.1264100390226235,0.8617598730298286,-2.0597234383573713,0.0,0.0,0.0,0.0,0.0,0.0,0.0,0.0,0.0,0.0,0.0,0.4472135899357629,-0.10100534232489965
0.3324591900469492,0.3444708354916063,0.27404699753506107,0.2295770834322945,0.8617598730298286,-0.6881411728601811,0.4618610194934715,-0.5619514869490161,0.3324591900469492,0.8617598730298286,0.2295770834322945,0.0,0.0,0.0,0.0,0.0,0.0,0.0,0.0,0.0,0.0,0.0,0.4472135899357629,0.2472788410656638
-1.5580987664279213,-0.23975859166357474,0.34388301719728176,2.075186528520084,0.15642336214415786,-1.5567709833290706,0.2870280461246994,-0.5619514869490161,-1.5580987664279213,0.15642336214415786,2.075186528520084,0.0,0.0,0.0,0.0,0.0,0.0,0.0,0.0,0.0,0.0,0.0,-0.4472136010641528,-2.049478954109304
1.4551704646150667,-0.1278660489968097,1.023424717951445,1.2759454448920255,-0.658764216176935,-1.6632461895488078,0.4618610194934715,-0.5619514869490161,1.4551704646150667,-0.658764216176935,1.2759454448920255,0.0,0.0,0.0,0.0,0.0,0.0,0.0,0.0,0.0,0.0,0.0,-0.4472136010641528,1.6685171617745491
-1.2801175466118795,0.602100445750211,0.4682277602008413,0.3971394983232952,0.15642336214415786,-1.2906808520578732,-1.0623340936183747,-0.5619514869490161,-1.2801175466118795,0.15642336214415786,0.3971394983232952,0.0,0.0,0.0,0.0,0.0,0.0,0.0,0.0,0.0,0.0,0.0,0.4472135899357629,-0.7990245243408833
0.3324591900469492,0.9345278138292231,0.45098096778442603,-0.9835906572611509,0.8617598730298286,0.6366285211358202,-0.3348617892839291,-0.5619514869490161,0.3324591900469492,0.8617598730298286,-0.9835906572611509,0.0,0.0,0.0,0.0,0.0,0.0,0.0,0.0,0.0,0.0,0.0,1.341640792064069,0.17185547174371002
0.3324591900469492,-1.369315071921292,0.7853073899139902,0.44524514633016404,-0.658764216176935,0.425132298568771,-1.6625659448133256,1.7795130420052188,0.3324591900469492,-0.658764216176935,0.44524514633016404,0.0,0.0,0.0,0.0,0.0,0.0,0.0,0.0,0.0,0.0,0.0,-1.3416407809356792,-0.9002047718155473
1.6199888562143387,-0.3536230736901996,0.5550858523154489,0.69932452660303,1.4994251197759267,0.1075858757264553,-0.06631764063517533,1.7795130420052188,1.6199888562143387,1.4994251197759267,0.69932452660303,0.0,0.0,0.0,0.0,0.0,0.0,0.0,0.0,0.0,0.0,0.0,-0.4472136010641528,2.5062603417218794
1.6199888562143387,-0.042049441379262746,0.940677785478009,-0.2410972984246163,1.4994251197759267,1.6396104431772833,0.15514993600869884,-0.5619514869490161,1.6199888562143387,1.4994251197759267,-0.2410972984246163,0.0,0.0,0.0,0.0,0.0,0.0,0.0,0.0,0.0,0.0,0.0,-0.4472136010641528,1.6910986079978991
-0.27545781193759183,0.5560460046332514,1.1063650605378301,0.28927150337796037,-1.5679976399103202,1.4989760171426632,-0.9706465388440592,1.7795130420052188,-0.27545781193759183,-1.5679976399103202,0.28927150337796037,0.0,0.0,0.0,0.0,0.0,0.0,0.0,0.0,0.0,0.0,0.0,0.4472135899357629,-0.1770242082286733
0.48893006541602585,-0.7881222844858212,1.6864373331981626,1.461953951992771,-0.658764216176935,-0.12202702478996631,1.6201397100851795,-0.5619514869490161,0.48893006541602585,-0.658764216176935,1.461953951992771,0.0,0.0,0.0,0.0,0.0,0.0,0.0,0.0,0.0,0.0,0.0,-1.3416407809356792,2.307604951419758
-0.9276977342485193,-0.06305052499610785,-0.6465382820322083,-0.8028107586959095,0.8617598730298286,0.16053863425036147,1.4504626664138902,-0.5619514869490161,-0.9276977342485193,0.8617598730298286,-0.8028107586959095,0.0,0.0,0.0,0.0,0.0,0.0,0.0,0.0,0.0,0.0,0.0,-0.4472136010641528,-0.9901256780624863
0.3324591900469492,0.06465773583885563,0.5315404163498645,-0.9835906572611509,0.15642336214415786,-0.01602059102590771,0.8086023488429195,-0.5619514869490161,0.3324591900469492,0.15642336214415786,-0.9835906572611509,0.0,0.0,0.0,0.0,0.0,0.0,0.0,0.0,0.0,0.0,0.0,0.4472135899357629,0.31226860882666757
0.100865235182785,-0.7162173402040614,-0.3629332573664772,0.650740544164974,-0.658764216176935,1.1999940622737977,0.15514993600869884,-0.5619514869490161,0.100865235182785,-0.658764216176935,0.650740544164974,0.0,0.0,0.0,0.0,0.0,0.0,0.0,0.0,0.0,0.0,0.0,-0.4472136010641528,0.35543128412185154
1.2097743400471135,-0.7413684515229116,-0.8320903878502589,0.433209548517544,0.15642336214415786,0.7423244944592781,1.322827385494082,-0.5619514869490161,1.2097743400471135,0.15642336214415786,0.433209548517544,0.0,0.0,0.0,0.0,0.0,0.0,0.0,0.0,0.0,0.0,0.0,-1.3416407809356792,4.677597714473278
0.7263748107251506,0.13852152830954287,-0.6872693619048422,0.9802430164982052,0.15642336214415786,-1.1488274779461585,-1.3384917244446455,1.7795130420052188,0.7263748107251506,0.15642336214415786,0.9802430164982052,0.0,0.0,0.0,0.0,0.0,0.0,0.0,0.0,0.0,0.0,0.0,0.4472135899357629,0.6379983097936316
-1.6271059280657643,-0.10700586586309846,0.5470447638811166,0.5417438966163786,-0.658764216176935,1.3407150731611246,1.0236318181047612,-0.5619514869490161,-1.6271059280657643,-0.658764216176935,0.5417438966163786,0.0,0.0,0.0,0.0,0.0,0.0,0.0,0.0,0.0,0.0,0.0,-0.4472136010641528,-1.8220790774156628
0.2548245176312663,0.5724910976123487,0.4645423382493487,-0.5293678681491256,-0.658764216176935,-0.2811283654082004,-1.3384917244446455,1.7795130420052188,0.2548245176312663,-0.658764216176935,-0.5293678681491256,0.0,0.0,0.0,0.0,0.0,0.0,0.0,0.0,0.0,0.0,0.0,0.4472135899357629,0.16205148507243616
-0.7849587431540277,-1.083136755668278,0.44539615457694687,0.4091566774784481,0.15642336214415786,-0.7766910680551726,1.0664999262532004,-0.5619514869490161,-0.7849587431540277,0.15642336214415786,0.4091566774784481,0.0,0.0,0.0,0.0,0.0,0.0,0.0,0.0,0.0,0.0,0.0,-1.3416407809356792,9.441777428578913
1.373120503264919,-0.3417154834446691,-0.21424158736036789,-1.0511019381509463,0.15642336214415786,1.3583021875758072,-0.7878662396131905,-0.5619514869490161,1.373120503264919,0.15642336214415786,-1.0511019381509463,0.0,0.0,0.0,0.0,0.0,0.0,0.0,0.0,0.0,0.0,0.0,-0.4472136010641528,2.085907337529644
-1.488902738284557,-0.21248532288251107,0.024105207855241183,-0.2410972984246163,0.8617598730298286,0.7247107664115103,1.322827385494082,1.7795130420052188,-1.488902738284557,0.8617598730298286,-0.2410972984246163,0.0,0.0,0.0,0.0,0.0,0.0,0.0,0.0,0.0,0.0,0.0,-0.4472136010641528,-1.8906349069382848
1.2097743400471135,0.9134086791281399,0.8972957963924733,0.46933443684343207,-0.658764216176935,1.5692980176728308,1.5777724072728283,-0.5619514869490161,1.2097743400471135,-0.658764216176935,0.46933443684343207,0.0,0.0,0.0,0.0,0.0,0.0,0.0,0.0,0.0,0.0,0.0,1.341640792064069,0.6322613424113644
-1.2801175466118795,-0.9646451696712892,-1.4821314360100726,-0.34532616581869824,0.15642336214415786,-0.9006973421774738,-1.246263780223236,-0.5619514869490161,-1.2801175466118795,0.15642336214415786,-0.34532616581869824,0.0,0.0,0.0,0.0,0.0,0.0,0.0,0.0,0.0,0.0,0.0,-1.3416407809356792,-36.207712912493534
-1.1398581944659194,0.2848948529765575,0.04637642719111327,2.075186528520084,0.15642336214415786,-0.9538552843613006,-0.11087676228938553,-0.5619514869490161,-1.1398581944659194,0.15642336214415786,2.075186528520084,0.0,0.0,0.0,0.0,0.0,0.0,0.0,0.0,0.0,0.0,0.0,0.4472135899357629,-0.8871217686220398
0.2548245176312663,0.30442871514195957,0.1150988537943513,-1.7190044220859664,0.8617598730298286,0.2311237330790961,1.6624733928495903,-0.5619514869490161,0.2548245176312663,0.8617598730298286,-1.7190044220859664,0.0,0.0,0.0,0.0,0.0,0.0,0.0,0.0,0.0,0.0,0.0,0.4472135899357629,0.19535334869068258
-1.0693835465760633,1.8266500409131723,0.8269972972877232,-0.5179089984607245,0.8617598730298286,1.586877011416309,-0.02184484434087361,-0.5619514869490161,-1.0693835465760633,0.8617598730298286,-0.5179089984607245,0.0,0.0,0.0,0.0,0.0,0.0,0.0,0.0,0.0,0.0,0.0,1.341640792064069,-0.3783218761069517
1.047485682484883,-1.0346810728927824,-1.3453642214542476,-0.8707355016260551,0.8617598730298286,0.6366285211358202,1.280206650649639,-0.5619514869490161,1.047485682484883,0.8617598730298286,-0.8707355016260551,0.0,0.0,0.0,0.0,0.0,0.0,0.0,0.0,0.0,0.0,0.0,-1.3416407809356792,-30.203381703997913
0.7263748107251506,-0.6663620128441048,1.6456157790708281,-0.6550585196380015,-1.5679976399103202,-1.0070203723994668,0.33083878410074047,-0.5619514869490161,0.7263748107251506,-1.5679976399103202,-0.6550585196380015,0.0,0.0,0.0,0.0,0.0,0.0,0.0,0.0,0.0,0.0,0.0,-0.4472136010641528,2.1771346150273523
1.4551704646150667,-0.961431307608294,0.2459919209105525,-0.5980060162900924,2.093943330841497,0.8479885782729277,-0.4249629475906971,1.7795130420052188,1.4551704646150667,2.093943330841497,-0.5980060162900924,0.0,0.0,0.0,0.0,0.0,0.0,0.0,0.0,0.0,0.0,0.0,-1.3416407809356792,37.729318117302654
1.6199888562143387,-1.7273686442990934,0.3023194533273345,-1.2192585927428206,-0.658764216176935,0.425132298568771,-0.7423017047034743,-0.5619514869490161,1.6199888562143387,-0.658764216176935,-1.2192585927428206,0.0,0.0,0.0,0.0,0.0,0.0,0.0,0.0,0.0,0.0,0.0,-1.3416407809356792,-2.22719094218777
0.024592088594099677,1.8266500409131723,-0.3947118081190631,0.7114836673760021,-1.5679976399103202,-0.051350257589529734,-1.0623340936183747,-0.5619514869490161,0.024592088594099677,-1.5679976399103202,0.7114836673760021,0.0,0.0,0.0,0.0,0.0,0.0,0.0,0.0,0.0,0.0,0.0,1.341640792064069,0.008700082513983586
-0.6410676991713161,-1.2803757261640791,0.5934965692186718,-0.5179089984607245,0.15642336214415786,-0.1750491367731122,0.937761098339021,-0.5619514869490161,-0.6410676991713161,0.15642336214415786,-0.5179089984607245,0.0,0.0,0.0,0.0,0.0,0.0,0.0,0.0,0.0,0.0,0.0,-1.3416407809356792,2.286459344901191
0.6468823402340259,-0.834089664740005,0.07087136240564551,0.1463008242074478,0.15642336214415786,-1.0779179490622557,-0.37987841817556317,1.7795130420052188,0.6468823402340259,0.15642336214415786,0.1463008242074478,0.0,0.0,0.0,0.0,0.0,0.0,0.0,0.0,0.0,0.0,0.0,-1.3416407809356792,3.8989876020701706
0.6468823402340259,1.462816286060532,1.3275325936745157,-0.4145213647295954,-0.658764216176935,-0.2634453764138552,0.06682936796384127,-0.5619514869490161,0.6468823402340259,-0.658764216176935,-0.4145213647295954,0.0,0.0,0.0,0.0,0.0,0.0,0.0,0.0,0.0,0.0,0.0,1.341640792064069,0.2626595998635225
0.024592088594099677,-1.8140827842940004,-1.435114079097683,-0.64365835880877,2.093943330841497,1.3583021875758072,-0.02184484434087361,-0.5619514869490161,0.024592088594099677,2.093943330841497,-0.64365835880877,0.0,0.0,0.0,0.0,0.0,0.0,0.0,0.0,0.0,0.0,0.0,-1.3416407809356792,-0.030208338842869345
1.373120503264919,0.850708602414232,0.20558204669977345,1.6238453222097324,0.8617598730298286,1.62203322014994,0.2870280461246994,-0.5619514869490161,1.373120503264919,0.8617598730298286,1.6238453222097324,0.0,0.0,0.0,0.0,0.0,0.0,0.0,0.0,0.0,0.0,0.0,1.341640792064069,0.7419431138287769
-0.8564656681892503,-1.4596705112584458,0.4540872174402047,0.8822421738473318,-1.5679976399103202,-0.6704339098878697,1.280206650649639,-0.5619514869490161,-0.8564656681892503,-1.5679976399103202,0.8822421738473318,0.0,0.0,0.0,0.0,0.0,0.0,0.0,0.0,0.0,0.0,0.0,-1.3416407809356792,1.8632164718256417
1.2097743400471135,1.386987464534727,-0.17357142746082752,-1.6969296577959279,-1.5679976399103202,0.1075858757264553,1.6624733928495903,1.7795130420052188,1.2097743400471135,-1.5679976399103202,-1.6969296577959279,0.0,0.0,0.0,0.0,0.0,0.0,0.0,0.0,0.0,0.0,0.0,1.341640792064069,0.5068205669370465
-1.5580987664279213,-1.814459690385906,-0.39807126304923063,-1.7961743252598685,1.4994251197759267,0.12523816351830927,-0.28991518536700056,-0.5619514869490161,-1.5580987664279213,1.4994251197759267,-1.7961743252598685,0.0,0.0,0.0,0.0,0.0,0.0,0.0,0.0,0.0,0.0,0.0,-1.3416407809356792,1.9130458938853871
-1.488902738284557,-1.814459690385906,-0.35538818999374155,0.9925138779123786,0.8617598730298286,-0.8121171950532521,1.1521066316158737,-0.5619514869490161,-1.488902738284557,0.8617598730298286,0.9925138779123786,0.0,0.0,0.0,0.0,0.0,0.0,0.0,0.0,0.0,0.0,0.0,-1.3416407809356792,1.8280864674580608
1.047485682484883,-0.547651499178341,0.20462119553007338,-0.49497441147924676,0.8617598730298286,0.4603919228638994,0.937761098339021,-0.5619514869490161,1.047485682484883,0.8617598730298286,-0.49497441147924676,0.0,0.0,0.0,0.0,0.0,0.0,0.0,0.0,0.0,0.0,0.0,-0.4472136010641528,2.315660780531381
-0.49590626745980726,1.0859018799480527,-1.7952035484695943,-1.5088044580786253,-0.658764216176935,-1.6100059052978644,0.2870280461246994,-0.5619514869490161,-0.49590626745980726,-0.658764216176935,-1.5088044580786253,0.0,0.0,0.0,0.0,0.0,0.0,0.0,0.0,0.0,0.0,0.0,1.341640792064069,-0.23774189583268282
-1.5580987664279213,-0.000687282976950621,1.0585604237632658,1.0047892660513378,-0.658764216176935,-0.21040382008921152,1.5777724072728283,1.7795130420052188,-1.5580987664279213,-0.658764216176935,1.0047892660513378,0.0,0.0,0.0,0.0,0.0,0.0,0.0,0.0,0.0,0.0,0.0,-0.4472136010641528,-1.559170357672916
-1.5580987664279213,-0.32581208418194996,-0.47506693284363777,0.15817558992248223,-0.658764216176935,-1.113371244544614,-1.0623340936183747,1.7795130420052188,-1.5580987664279213,-0.658764216176935,0.15817558992248223,0.0,0.0,0.0,0.0,0.0,0.0,0.0,0.0,0.0,0.0,0.0,-0.4472136010641528,-2.3110748945082267
0.3324591900469492,1.496076308266871,0.15505116668486757,0.2295770834322945,0.15642336214415786,-0.9006973421774738,-1.38466863390751,-0.5619514869490161,0.3324591900469492,0.15642336214415786,0.2295770834322945,0.0,0.0,0.0,0.0,0.0,0.0,0.0,0.0,0.0,0.0,0.0,1.341640792064069,0.13319271888678327
-0.05117014821268949,1.8266500409131723,0.40969375053310103,0.7723565739850544,-1.5679976399103202,-1.042467641206312,1.2375468245738601,1.7795130420052188,-0.05117014821268949,-1.5679976399103202,0.7723565739850544,0.0,0.0,0.0,0.0,0.0,0.0,0.0,0.0,0.0,0.0,0.0,1.341640792064069,-0.01810275324926978
1.047485682484883,0.7591346327542787,-0.5215262949921342,-1.208074706624367,0.15642336214415786,-1.4680583323033534,-0.20024126938248626,-0.5619514869490161,1.047485682484883,0.15642336214415786,-1.208074706624367,0.0,0.0,0.0,0.0,0.0,0.0,0.0,0.0,0.0,0.0,0.0,1.341640792064069,0.5954550964895926
